{
    "APP_NAME": "skill-portal",
    "PORT": 3000,
    "NODE_ENV": "production",
    "SESSION_KEY": "",
    "SESSION_RESAVE": false,
    "SESSION_SAVE_UNINITIALIZED": true,
    "COOKIE_KEY": "",
    "COOKIE_SECURE": false,
    "COOKIE_MAXAGE": 3600000,
    "TOASTR_CLOSE": true,
    "TOASTR_DEBUG": false,
    "TOASTR_NEWEST_ON_TOP": false,
    "TOASTR_PROGRESSBAR": true,
    "TOASTR_PREVENT_DUPLICATES": true,
    "TOASTR_SHOW_DURATION": 100,
    "TOASTR_HIDE_DURATION": 1000,
    "TOASTR_TIMEOUT": 5000,
    "TOASTR_EXTENDED_TIMEOUT": 1000,
    "TOASTR_SHOW_EASING": "swing",
    "TOASTR_HIDE_EASING": "linear",
    "TOASTR_SHOW_METHOD": "show",
    "TOASTR_HIDE_METHOD": "hide",
    "SECURE_KEY": "",
    "SECURE_IV": "",
    "JWT_ACCESS_TOKEN_SECRET": "",
    "JWT_EXPIRE_IN": "2h",
    "SUPPRESS_NO_CONFIG_WARNING": true
  }
  